Interest Rate VIX Index,Estimated % or bps spread change of underlying from 10% change in implied vol index
TYVIX,-0.0533789794246108
JGB VIX,-0.05302026550237253
BP TYVIX,-0.2995823932507643
BP JGB VIX,0.5626843017326728
SRVIX,6.803755697675492
VIX,-1.124687650728802
