Interest Rate VIX Index,Estimated % or bps spread change of underlying from 10% change in implied vol index
TYVIX,-0.06080303993416557
JGB VIX,-0.054641547057730194
BP TYVIX,-0.2108882241594466
BP JGB VIX,0.5793246914241711
SRVIX,8.926428366014946
VIX,-1.1279106851847545
