Credit VIX Index,Estimated bps spread change of underlying from 10% change in implied vol index
VIXIG,5.131483143416867
VIXHY,9.64538888671097
VIXIE,5.265935986379278
VIXXO,11.217951632299396
VIXFS,8.530780851927986
BP VIXIG,3.9453569359713136
BP VIXHY,7.886290093183038
BP VIXIE,5.907526547445148
BP VIXXO,14.98152980414388
BP VIXFS,11.390889600856898
