Credit VIX Index,Estimated bps spread change of underlying from 10% change in implied vol index
VIXIG,2.812675973754901
VIXHY,9.64538888671097
VIXIE,2.227866243265837
VIXXO,7.393119578745193
VIXFS,2.7910322173608764
BP VIXIG,2.2535132205630717
BP VIXHY,7.886290093183038
BP VIXIE,2.5463119120271256
BP VIXXO,10.554233928732792
BP VIXFS,3.9693910036501356
