Credit VIX Index,Estimated bps spread change of underlying from 10% change in implied vol index
VIXIG,3.7373472305704336
VIXHY,2.46908349553995
VIXIE,2.7344044105818828
VIXXO,2.1127741780281624
VIXFS,2.779562524143499
BP VIXIG,2.994475705521463
BP VIXHY,2.015543720671658
BP VIXIE,3.059154043870953
BP VIXXO,3.0059591285151592
BP VIXFS,3.7763784193830867
