Interest Rate VIX Index,Estimated % or bps spread change of underlying from 10% change in implied vol index
TYVIX,-0.06092640801281696
JGB VIX,-0.05463157446039566
BP TYVIX,0.016186274037247008
BP JGB VIX,-0.05218280746180799
SRVIX,3.2628383187240493
VIX,-1.128118764752094
