Vol Index,Mean of 1% Left Tail,Mean of 5% Left Tail,Mean of 10% Left Tail
VIX,-26.83763063257817,-12.091172311633326,-7.171492617393414
TYVIX,-5.282022045367503,-2.552472811907038,-1.725682056132506
JGB VIX,-3.793096482401608,-2.027968226270113,-1.3888726029046503
SRVIX,-13.451273317543695,-11.369352375408052,-9.835366550248507
