Vol Index,1 Percentile (Left Tail),5 Percentile (Left Tail),10 Percentile (Left Tail)
VIX,-15.31201017410418,-3.994389817263173,-0.8620164784352751
VIXIG,-21.40969318692891,-10.558541306213286,-5.108669402857849
VIXHY,-16.582474516463797,-8.027637229124556,-3.02881183353262
VIXIE,-33.71872087608755,-12.297829223654269,-7.871637102471055
VIXXO,-53.337151343384754,-17.043687790244224,-6.219284992209218
VIXFS,-39.89539472709512,-20.388522709443635,-7.322722509115614
