Vol Index,1 Percentile (Left Tail),5 Percentile (Left Tail),10 Percentile (Left Tail)
VIX,-15.31201017410418,-3.994389817263173,-0.8620164784352751
TYVIX,-3.4473070563292696,-1.2526967923801213,-0.6116708375769647
JGB VIX,-3.3743275366405747,-1.0070807554449328,-0.4914548622591708
SRVIX,21.85994190681886,32.37033553860097,37.88835499189507
