Vol Index,Mean of 1% Left Tail,Mean of 5% Left Tail,Mean of 10% Left Tail
VIX,-26.83763063257817,-11.994434475971405,-7.065529987288602
VIXIG,-23.502001897121577,-15.925956374937348,-11.830466636798324
VIXHY,-24.335246287599148,-14.177779612672389,-9.682936156308793
VIXIE,-41.64214449161773,-23.736540941276708,-16.969242901300156
VIXXO,-59.323639841631746,-35.01945209912913,-23.531982403337828
VIXFS,-54.65493672613443,-32.37982680341283,-21.980658071717027
