Vol Index,Mean of 1% Left Tail,Mean of 5% Left Tail,Mean of 10% Left Tail
VIX,-26.83763063257817,-12.091172311633326,-7.171492617393414
VIXIG,-23.90582246216346,-15.357514239833316,-8.867320079935652
VIXHY,-14.032326573519015,-10.118623329768132,-6.421521998448684
VIXIE,-41.41061949613214,-23.919818763686234,-16.368400429208492
VIXXO,-59.01789455408644,-27.760669760382342,-16.580584533529237
VIXFS,-57.74907712319597,-34.816921012524624,-21.711577917526917
