Vol Index,bps Vol of bps Vol
BP VIXHY,252.50988040256163
BP VIXXO,194.4727921395596
BP VIXFS,87.07652537010615
BP TYVIX,65.0297712962828
BP VIXIE,53.398177439991976
BP JGB VIX,48.40615018251626
BP VIXIG,47.792503056194086
SRVIX,12.774916042655928
