Vol Index,% Vol of % Vol
VIX,134.51322206349653
JGB VIX,129.04117072753527
VIXHY,81.38010806958246
TYVIX,76.06372560602176
VIXIE,72.84637028527797
VIXIG,69.51026515565984
VIXXO,69.24163071458545
VIXFS,61.27171001024219
SRVIX,15.32862150463202
