Vol Index,bps Vol of bps Vol
BP VIXHY,247.0207213243799
BP VIXXO,191.3893755446201
BP VIXFS,86.36939963433419
BP TYVIX,64.86028016496738
BP VIXIE,53.08496834663525
BP VIXIG,47.98799365073492
BP JGB VIX,47.78342122079314
SRVIX,12.692429386618285
