,VIX,VIXIG,VIXHY,VIXIE,VIXXO,VIXFS
0,4.459019980416159,12.846411448397353,10.647041558752793,12.090704326127101,11.779643097010824,14.996540632579245
