,VIX,TYVIX,JGB VIX,SRVIX
0,4.459019980416159,0.8470301226984039,0.7192112626463887,8.319557054946102
